percent.correct.labels,auc,percent.correct.intervals
66.4473684210526,0.806831983805668,36.8421052631579
