percent.correct.labels,auc,percent.correct.intervals
83.4862385321101,0.802062087524332,59.6774193548387
