percent.correct.labels,auc,percent.correct.intervals
81.2865497076024,0.859100877192983,36.8421052631579
