percent.correct.labels,auc,percent.correct.intervals
53.8461538461539,0.732248520710059,46.1538461538462
