percent.correct.labels,auc,percent.correct.intervals
67.1052631578947,0.80915991902834,42.1052631578947
