percent.correct.labels,auc,percent.correct.intervals
80.1169590643275,0.852887426900585,36.8421052631579
