percent.correct.labels,auc,percent.correct.intervals
85.7142857142857,0.960392857142857,42.8571428571429
