percent.correct.labels,auc,percent.correct.intervals
76.6917293233083,0.896129211918686,60.5263157894737
