percent.correct.labels,auc,percent.correct.intervals
96.1764705882353,0.972920127779145,85.9943977591037
