percent.correct.labels,auc,percent.correct.intervals
74.9287749287749,0.885511493536185,31.4814814814815
