percent.correct.labels,auc,percent.correct.intervals
92.9705215419501,0.980803829050545,84.7619047619048
