percent.correct.labels,auc,percent.correct.intervals
74.3589743589744,0.838812184966031,46.1538461538462
