percent.correct.labels,auc,percent.correct.intervals
64.4736842105263,0.860178888231816,26.3157894736842
