percent.correct.labels,auc,percent.correct.intervals
84.0104849279161,0.806889652337782,62.0967741935484
