percent.correct.labels,auc,percent.correct.intervals
87.0287371473768,0.915186695111145,74.8490945674044
