percent.correct.labels,auc,percent.correct.intervals
74.0740740740741,0.87682379349046,25.9259259259259
