percent.correct.labels,auc,percent.correct.intervals
69.9300699300699,0.776991654754086,39.5161290322581
