percent.correct.labels,auc,percent.correct.intervals
72.3646723646724,0.791544189692338,48.1481481481482
