percent.correct.labels,auc,percent.correct.intervals
85.1851851851852,0.908317702011843,51.8518518518519
