percent.correct.labels,auc,percent.correct.intervals
98.9010989010989,0.997986926866237,96.1538461538462
