percent.correct.labels,auc,percent.correct.intervals
73.5042735042735,0.874890884150143,25.9259259259259
