sequenceID,V1
H3K27me3_TDH_some/samples/brain/CEMT0022.gDNA/problems/chr10:18024675-38818835,13.1875896143248
H3K27me3_TDH_some/samples/brain/CEMT0023.gDNA/problems/chr10:18024675-38818835,9.84151625631263
H3K27me3_TDH_some/samples/hematopoietic/CEMT0031.gDNA/problems/chr10:18024675-38818835,11.5919300636769
H3K27me3_TDH_some/samples/hematopoietic/CEMT0032.gDNA/problems/chr10:18024675-38818835,12.25483422562
H3K27me3_TDH_some/samples/ips/MS032901/problems/chr10:18024675-38818835,11.0425953734723
H3K27me3_TDH_some/samples/ips/MS033001/problems/chr10:18024675-38818835,10.5008251914592
H3K27me3_TDH_some/samples/ips/MS033101/problems/chr10:18024675-38818835,11.545778632869
