percent.correct.labels,auc,percent.correct.intervals
83.0374753451677,0.889653888119518,46.8531468531469
