percent.correct.labels,auc,percent.correct.intervals
79.1383219954649,0.816603003629979,63.8095238095238
