percent.correct.labels,auc,percent.correct.intervals
75.2136752136752,0.809883848345387,30.7692307692308
