percent.correct.labels,auc,percent.correct.intervals
78.8095238095238,0.855880593443408,40.2298850574713
