percent.correct.labels,auc,percent.correct.intervals
94.7619047619048,0.928477727179026,80.952380952381
