percent.correct.labels,auc,percent.correct.intervals
72.3646723646724,0.791184923900973,48.1481481481482
