percent.correct.labels,auc,percent.correct.intervals
66.8421052631579,0.807518796992481,18.4210526315789
