percent.correct.labels,auc,percent.correct.intervals
92.6406926406926,0.999226963512678,71.4285714285714
