percent.correct.labels,auc,percent.correct.intervals
42.1052631578947,0.714199561403509,40.7894736842105
