percent.correct.labels,auc,percent.correct.intervals
86.6860005272871,0.913171071610265,74.0442655935614
