percent.correct.labels,auc,percent.correct.intervals
68.997668997669,0.780420546304524,37.9032258064516
