percent.correct.labels,auc,percent.correct.intervals
72.8070175438597,0.931951089845827,36.8421052631579
