percent.correct.labels,auc,percent.correct.intervals
94.3722943722944,0.999226963512678,76.1904761904762
