percent.correct.labels,auc,percent.correct.intervals
78.1954887218045,0.89640768588137,60.5263157894737
