percent.correct.labels,auc,percent.correct.intervals
94.7845804988662,0.940541915198594,88.8888888888889
