percent.correct.labels,auc,percent.correct.intervals
80.7407407407407,0.925400934329506,51.8518518518519
