percent.correct.labels,auc,percent.correct.intervals
76.6917293233083,0.894597605123921,60.5263157894737
