percent.correct.labels,auc,percent.correct.intervals
81.8930041152263,0.912734953483957,53.3333333333333
