percent.correct.labels,auc,percent.correct.intervals
81.4814814814815,0.918695701874714,56.7901234567901
