percent.correct.labels,auc,percent.correct.intervals
70.8624708624709,0.781537753222836,41.1290322580645
