percent.correct.labels,auc,percent.correct.intervals
76.0683760683761,0.804076265614727,46.1538461538462
