percent.correct.labels,auc,percent.correct.intervals
81.2865497076024,0.843019005847953,31.5789473684211
