percent.correct.labels,auc,percent.correct.intervals
95.7142857142857,0.931494912014393,86.9047619047619
