percent.correct.labels,auc,percent.correct.intervals
96.5986394557823,0.999362244897959,85.7142857142857
