percent.correct.labels,auc,percent.correct.intervals
77.4928774928775,0.897784428648626,48.1481481481482
