percent.correct.labels,auc,percent.correct.intervals
83.1360946745562,0.882061516132634,38.4615384615385
