percent.correct.labels,auc,percent.correct.intervals
84.8583877995643,0.908561366729192,49.3827160493827
