percent.correct.labels,auc,percent.correct.intervals
71.7948717948718,0.789813181788491,46.2962962962963
