percent.correct.labels,auc,percent.correct.intervals
87.3737373737374,0.948167573167573,58.3333333333333
