percent.correct.labels,auc,percent.correct.intervals
80.0453514739229,0.825203444921588,66.6666666666667
