percent.correct.labels,auc,percent.correct.intervals
80.6584362139918,0.89792850347795,44.4444444444444
