percent.correct.labels,auc,percent.correct.intervals
79.6992481203008,0.903369534948482,65.7894736842105
