percent.correct.labels,auc,percent.correct.intervals
78.6904761904762,0.857756042115339,40.2298850574713
