percent.correct.labels,auc,percent.correct.intervals
91.1111111111111,0.974320987654321,53.3333333333333
