percent.correct.labels,auc,percent.correct.intervals
80.4232804232804,0.926305595948453,48.1481481481482
