percent.correct.labels,auc,percent.correct.intervals
97.3372781065089,0.991593876209261,88.4615384615385
