percent.correct.labels,auc,percent.correct.intervals
94.7619047619048,0.928309064672701,80.952380952381
