percent.correct.labels,auc,percent.correct.intervals
85.0762527233115,0.908464820331752,50.6172839506173
