percent.correct.labels,auc,percent.correct.intervals
90.6001984126984,0.891614417989418,91.5924826904056
