percent.correct.labels,auc,percent.correct.intervals
97.6331360946746,0.987860430168123,88.4615384615385
