percent.correct.labels,auc,percent.correct.intervals
93.3333333333333,0.973680823680824,71.4285714285714
