percent.correct.labels,auc,percent.correct.intervals
82.5102880658436,0.905861894413461,48.1481481481482
