percent.correct.labels,auc,percent.correct.intervals
93.5064935064935,0.999226963512678,76.1904761904762
