percent.correct.labels,auc,percent.correct.intervals
89.5337301587302,0.890622023809524,91.0979228486647
