percent.correct.labels,auc,percent.correct.intervals
74.0740740740741,0.877114769090078,25.9259259259259
