percent.correct.labels,auc,percent.correct.intervals
81.9958847736626,0.91193030278373,52.5925925925926
