percent.correct.labels,auc,percent.correct.intervals
70.3962703962704,0.777339373333849,41.1290322580645
