percent.correct.labels,auc,percent.correct.intervals
85.8159767993673,0.911580341543371,73.0382293762576
