percent.correct.labels,auc,percent.correct.intervals
94.5578231292517,0.941864336246359,88.0952380952381
