percent.correct.labels,auc,percent.correct.intervals
48.8721804511278,0.836649550706033,18.4210526315789
