percent.correct.labels,auc,percent.correct.intervals
84.7058823529412,0.970908555729984,26.6666666666667
