percent.correct.labels,auc,percent.correct.intervals
94.5578231292517,0.942585656817867,88.0952380952381
