sequenceID,pred.log.lambda
H3K27me3_TDH_some/samples/brain/CEMT0022.gDNA/problems/chr10:18024675-38818835,13.201392450762
H3K27me3_TDH_some/samples/brain/CEMT0023.gDNA/problems/chr10:18024675-38818835,9.81509193961022
H3K27me3_TDH_some/samples/hematopoietic/CEMT0031.gDNA/problems/chr10:18024675-38818835,11.5932900813809
H3K27me3_TDH_some/samples/hematopoietic/CEMT0032.gDNA/problems/chr10:18024675-38818835,12.2289192310186
H3K27me3_TDH_some/samples/ips/MS032901/problems/chr10:18024675-38818835,10.9498045848883
H3K27me3_TDH_some/samples/ips/MS033001/problems/chr10:18024675-38818835,10.4438811210562
H3K27me3_TDH_some/samples/ips/MS033101/problems/chr10:18024675-38818835,11.5196084445657
