percent.correct.labels,auc,percent.correct.intervals
53.8461538461539,0.739644970414201,46.1538461538462
