percent.correct.labels,auc,percent.correct.intervals
88.0704365079365,0.886013888888889,90.0098911968348
