percent.correct.labels,auc,percent.correct.intervals
48.8721804511278,0.837658169814781,18.4210526315789
