percent.correct.labels,auc,percent.correct.intervals
71.0526315789474,0.794078947368421,47.3684210526316
