percent.correct.labels,auc,percent.correct.intervals
79.2899408284024,0.882591827620855,38.4615384615385
