percent.correct.labels,auc,percent.correct.intervals
94.017094017094,0.963675213675214,84.6153846153846
