percent.correct.labels,auc,percent.correct.intervals
80.3174603174603,0.926155167226596,48.1481481481482
