sequenceID,V1
H3K27me3_TDH_some/samples/brain/CEMT0022.gDNA/problems/chr10:18024675-38818835,12.0458070336215
H3K27me3_TDH_some/samples/brain/CEMT0023.gDNA/problems/chr10:18024675-38818835,10.2937781347164
H3K27me3_TDH_some/samples/hematopoietic/CEMT0031.gDNA/problems/chr10:18024675-38818835,11.5481686536221
H3K27me3_TDH_some/samples/hematopoietic/CEMT0032.gDNA/problems/chr10:18024675-38818835,11.8556448740638
H3K27me3_TDH_some/samples/ips/MS032901/problems/chr10:18024675-38818835,11.0004418829336
H3K27me3_TDH_some/samples/ips/MS033001/problems/chr10:18024675-38818835,10.8716655539463
H3K27me3_TDH_some/samples/ips/MS033101/problems/chr10:18024675-38818835,11.6103495591514
