percent.correct.labels,auc,percent.correct.intervals
97.0414201183432,0.990255471024702,86.5384615384616
