percent.correct.labels,auc,percent.correct.intervals
91.8367346938775,0.982761351935458,81.9047619047619
