percent.correct.labels,auc,percent.correct.intervals
66.8421052631579,0.810714285714286,15.7894736842105
