percent.correct.labels,auc,percent.correct.intervals
82.0987654320988,0.919267261088249,58.0246913580247
