percent.correct.labels,auc,percent.correct.intervals
98.4182776801406,0.998634601832276,98.4182776801406
