percent.correct.labels,auc,percent.correct.intervals
81.8930041152263,0.913139539088846,52.5925925925926
