percent.correct.labels,auc,percent.correct.intervals
85.1851851851852,0.908545275662952,51.8518518518519
