percent.correct.labels,auc,percent.correct.intervals
87.9411764705882,0.976288592360021,36.6666666666667
