percent.correct.labels,auc,percent.correct.intervals
56.5789473684211,0.855226197516263,15.7894736842105
