percent.correct.labels,auc,percent.correct.intervals
92.7437641723356,0.981199859692001,83.8095238095238
