percent.correct.labels,auc,percent.correct.intervals
74.5614035087719,0.933280170122275,36.8421052631579
