percent.correct.labels,auc,percent.correct.intervals
95.7671957671958,0.994601606963509,95.7671957671958
