percent.correct.labels,auc,percent.correct.intervals
84.1176470588235,0.957008765044479,23.3333333333333
