percent.correct.labels,auc,percent.correct.intervals
96.1519607843137,0.975362134916728,85.1540616246499
