percent.correct.labels,auc,percent.correct.intervals
83.8383838383838,0.946872571872572,41.6666666666667
