percent.correct.labels,auc,percent.correct.intervals
77.2189349112426,0.872320531427933,30.7692307692308
