percent.correct.labels,auc,percent.correct.intervals
84.1415465268676,0.807890063359365,62.0967741935484
