percent.correct.labels,auc,percent.correct.intervals
72.3646723646724,0.789617218629564,48.1481481481482
