percent.correct.labels,auc,percent.correct.intervals
98.4182776801406,0.9988548273432,98.4182776801406
