percent.correct.labels,auc,percent.correct.intervals
83.6173001310616,0.803341683017054,58.8709677419355
