percent.correct.labels,auc,percent.correct.intervals
48.8721804511278,0.838758481569778,18.4210526315789
