percent.correct.labels,auc,percent.correct.intervals
92.5170068027211,0.979412064224855,83.8095238095238
