sequenceID,pred.log.lambda
H3K27me3_TDH_some/samples/brain/CEMT0022.gDNA/problems/chr10:18024675-38818835,12.3672288366268
H3K27me3_TDH_some/samples/brain/CEMT0023.gDNA/problems/chr10:18024675-38818835,9.72556806916849
H3K27me3_TDH_some/samples/hematopoietic/CEMT0031.gDNA/problems/chr10:18024675-38818835,11.3712557197958
H3K27me3_TDH_some/samples/hematopoietic/CEMT0032.gDNA/problems/chr10:18024675-38818835,11.6945615460081
H3K27me3_TDH_some/samples/ips/MS032901/problems/chr10:18024675-38818835,10.236712644234
H3K27me3_TDH_some/samples/ips/MS033001/problems/chr10:18024675-38818835,10.0083826759379
H3K27me3_TDH_some/samples/ips/MS033101/problems/chr10:18024675-38818835,11.0845164511678
