percent.correct.labels,auc,percent.correct.intervals
44.7368421052632,0.719462719298246,43.421052631579
