percent.correct.labels,auc,percent.correct.intervals
42.1052631578947,0.713212719298246,40.7894736842105
