percent.correct.labels,auc,percent.correct.intervals
79.8245614035088,0.936868686868687,47.3684210526316
