percent.correct.labels,auc,percent.correct.intervals
97.6331360946746,0.990349394195548,90.3846153846154
