percent.correct.labels,auc,percent.correct.intervals
79.1383219954649,0.881444399629885,71.4285714285714
