percent.correct.labels,auc,percent.correct.intervals
96.2009803921569,0.974933982484207,85.7142857142857
