percent.correct.labels,auc,percent.correct.intervals
81.9958847736626,0.912122424439683,53.3333333333333
