percent.correct.labels,auc,percent.correct.intervals
85.3535353535354,0.946872571872572,41.6666666666667
