percent.correct.labels,auc,percent.correct.intervals
64.1025641025641,0.838264299802761,30.7692307692308
