sequenceID,pred.log.lambda
H3K27me3_TDH_some/samples/brain/CEMT0022.gDNA/problems/chr10:18024675-38818835,12.8706166603377
H3K27me3_TDH_some/samples/brain/CEMT0023.gDNA/problems/chr10:18024675-38818835,9.78673333071178
H3K27me3_TDH_some/samples/hematopoietic/CEMT0031.gDNA/problems/chr10:18024675-38818835,11.5248991808072
H3K27me3_TDH_some/samples/hematopoietic/CEMT0032.gDNA/problems/chr10:18024675-38818835,11.983023000191
H3K27me3_TDH_some/samples/ips/MS032901/problems/chr10:18024675-38818835,10.337420717947
H3K27me3_TDH_some/samples/ips/MS033001/problems/chr10:18024675-38818835,10.0753541300423
H3K27me3_TDH_some/samples/ips/MS033101/problems/chr10:18024675-38818835,11.2625628958554
