percent.correct.labels,auc,percent.correct.intervals
77.2079772079772,0.895726815479902,46.9135802469136
