percent.correct.labels,auc,percent.correct.intervals
49.6240601503759,0.834632312488538,21.0526315789474
