percent.correct.labels,auc,percent.correct.intervals
63.1578947368421,0.86047457125961,21.0526315789474
