percent.correct.labels,auc,percent.correct.intervals
88.5664682539683,0.887921957671958,90.3066271018793
