sequenceID,pred.log.lambda
H3K27me3_TDH_some/samples/brain/CEMT0022.gDNA/problems/chr10:18024675-38818835,12.1350582936508
H3K27me3_TDH_some/samples/brain/CEMT0023.gDNA/problems/chr10:18024675-38818835,10.2641583869211
H3K27me3_TDH_some/samples/hematopoietic/CEMT0031.gDNA/problems/chr10:18024675-38818835,11.5742353735575
H3K27me3_TDH_some/samples/hematopoietic/CEMT0032.gDNA/problems/chr10:18024675-38818835,11.9146200044437
H3K27me3_TDH_some/samples/ips/MS032901/problems/chr10:18024675-38818835,11.0095195036452
H3K27me3_TDH_some/samples/ips/MS033001/problems/chr10:18024675-38818835,10.8163555164944
H3K27me3_TDH_some/samples/ips/MS033101/problems/chr10:18024675-38818835,11.6190707230386
