percent.correct.labels,auc,percent.correct.intervals
84.5414201183432,0.860971400394477,48.951048951049
