percent.correct.labels,auc,percent.correct.intervals
74.2603550295858,0.870534219046556,30.7692307692308
