percent.correct.labels,auc,percent.correct.intervals
94.7845804988662,0.94394506866417,88.8888888888889
