percent.correct.labels,auc,percent.correct.intervals
93.1216931216931,0.990835286240375,93.1216931216931
