percent.correct.labels,auc,percent.correct.intervals
84.1222879684418,0.871043423979185,48.951048951049
