sequenceID,V1
H3K27me3_TDH_some/samples/brain/CEMT0022.gDNA/problems/chr10:18024675-38818835,12.8541944369348
H3K27me3_TDH_some/samples/brain/CEMT0023.gDNA/problems/chr10:18024675-38818835,9.76704923545594
H3K27me3_TDH_some/samples/hematopoietic/CEMT0031.gDNA/problems/chr10:18024675-38818835,11.4946351511326
H3K27me3_TDH_some/samples/hematopoietic/CEMT0032.gDNA/problems/chr10:18024675-38818835,11.965524670905
H3K27me3_TDH_some/samples/ips/MS032901/problems/chr10:18024675-38818835,10.2725468704304
H3K27me3_TDH_some/samples/ips/MS033001/problems/chr10:18024675-38818835,10.0336974452438
H3K27me3_TDH_some/samples/ips/MS033101/problems/chr10:18024675-38818835,11.2785829120986
