percent.correct.labels,auc,percent.correct.intervals
68.421052631579,0.836006800709639,21.0526315789474
