percent.correct.labels,auc,percent.correct.intervals
98.5940246045694,0.998920894996476,98.5940246045694
