percent.correct.labels,auc,percent.correct.intervals
71.3991769547325,0.867194250255282,37.037037037037
