percent.correct.labels,auc,percent.correct.intervals
96.6490299823633,0.993388014730499,96.6490299823633
