percent.correct.labels,auc,percent.correct.intervals
86.6860005272871,0.913248874677399,74.0442655935614
