percent.correct.labels,auc,percent.correct.intervals
66.7695473251029,0.85598582637307,35.8024691358025
