percent.correct.labels,auc,percent.correct.intervals
81.4814814814815,0.917952674897119,58.0246913580247
