percent.correct.labels,auc,percent.correct.intervals
67.3684210526316,0.807518796992481,18.4210526315789
