percent.correct.labels,auc,percent.correct.intervals
79.7619047619048,0.904899267399267,16.6666666666667
