percent.correct.labels,auc,percent.correct.intervals
97.8021978021978,0.997276430466086,94.2307692307692
