percent.correct.labels,auc,percent.correct.intervals
70.3947368421053,0.804504048582996,47.3684210526316
