percent.correct.labels,auc,percent.correct.intervals
78.0701754385965,0.934742158426369,52.6315789473684
