percent.correct.labels,auc,percent.correct.intervals
89.2416225749559,0.995292099096083,89.2416225749559
