percent.correct.labels,auc,percent.correct.intervals
78.8095238095238,0.855452859535774,41.3793103448276
