percent.correct.labels,auc,percent.correct.intervals
79.8809523809524,0.858889686527878,43.6781609195402
