percent.correct.labels,auc,percent.correct.intervals
79.5918367346939,0.837374552183919,66.6666666666667
