percent.correct.labels,auc,percent.correct.intervals
76.9230769230769,0.89354449848277,46.9135802469136
