percent.correct.labels,auc,percent.correct.intervals
79.8941798941799,0.926230381587524,46.9135802469136
