percent.correct.labels,auc,percent.correct.intervals
87.4285714285714,0.952607142857143,42.8571428571429
