percent.correct.labels,auc,percent.correct.intervals
97.5395430579965,0.99753347427766,97.5395430579965
