percent.correct.labels,auc,percent.correct.intervals
92.3076923076923,0.963675213675214,92.3076923076923
