percent.correct.labels,auc,percent.correct.intervals
95.8088235294118,0.976172547994093,85.1540616246499
