percent.correct.labels,auc,percent.correct.intervals
39.4736842105263,0.715953947368421,38.1578947368421
