percent.correct.labels,auc,percent.correct.intervals
79.5321637426901,0.856359649122807,36.8421052631579
