percent.correct.labels,auc,percent.correct.intervals
80.9116809116809,0.905162738496072,51.8518518518519
